condition,defect_type,file,gt,pred,error_kind,score
baseline,cut,006.png,결함,정상,미검출,0.5
brightness_1.6,good,028.png,정상,결함,과검출,0.5819
rotation_45,good,000.png,정상,결함,과검출,0.5736
rotation_45,good,001.png,정상,결함,과검출,0.5705
rotation_45,good,003.png,정상,결함,과검출,0.5082
rotation_45,good,004.png,정상,결함,과검출,0.519
rotation_45,good,005.png,정상,결함,과검출,0.5478
rotation_45,good,006.png,정상,결함,과검출,0.5356
rotation_45,good,007.png,정상,결함,과검출,0.5158
rotation_45,good,008.png,정상,결함,과검출,0.5472
rotation_45,good,009.png,정상,결함,과검출,0.5332
rotation_45,good,010.png,정상,결함,과검출,0.6023
rotation_45,good,011.png,정상,결함,과검출,0.5568
rotation_45,good,012.png,정상,결함,과검출,0.5178
rotation_45,good,013.png,정상,결함,과검출,0.509
rotation_45,good,014.png,정상,결함,과검출,0.5799
rotation_45,good,016.png,정상,결함,과검출,0.5478
rotation_45,good,017.png,정상,결함,과검출,0.5789
rotation_45,good,018.png,정상,결함,과검출,0.5342
rotation_45,good,019.png,정상,결함,과검출,0.5823
rotation_45,good,020.png,정상,결함,과검출,0.5615
rotation_45,good,021.png,정상,결함,과검출,0.5316
rotation_45,good,022.png,정상,결함,과검출,0.6172
rotation_45,good,023.png,정상,결함,과검출,0.6262
rotation_45,good,024.png,정상,결함,과검출,0.6055
rotation_45,good,025.png,정상,결함,과검출,0.5793
rotation_45,good,026.png,정상,결함,과검출,0.5092
rotation_45,good,027.png,정상,결함,과검출,0.585
rotation_45,good,028.png,정상,결함,과검출,0.5357
rotation_45,good,029.png,정상,결함,과검출,0.5356
rotation_45,good,030.png,정상,결함,과검출,0.5641
rotation_45,good,031.png,정상,결함,과검출,0.5873
rotation_45,good,032.png,정상,결함,과검출,0.5667
rotation_45,good,033.png,정상,결함,과검출,0.5816
rotation_45,good,034.png,정상,결함,과검출,0.5177
rotation_45,good,036.png,정상,결함,과검출,0.5494
rotation_45,good,038.png,정상,결함,과검출,0.549
rotation_45,good,039.png,정상,결함,과검출,0.5699
