condition,image_AUROC,PRO,normal_FPR,n_good,n_good_fp
baseline,0.9999999403953552,0.7946780323982239,0.0,40,0
brightness_0.4,1.0,0.7571249008178711,0.0,40,0
brightness_0.6,1.0,0.7543331980705261,0.0,40,0
brightness_0.8,1.0,0.7762287259101868,0.0,40,0
brightness_1.2,1.0,0.824816882610321,0.0,40,0
brightness_1.4,0.9999999403953552,0.8581171631813049,0.0,40,0
brightness_1.6,0.9989286661148071,0.8777904510498047,0.025,40,1
rotation_5,1.0,0.7779220938682556,0.0,40,0
rotation_10,1.0,0.7966466546058655,0.0,40,0
rotation_20,0.9999999403953552,0.7820695042610168,0.0,40,0
rotation_45,0.9832143187522888,0.8123869299888611,0.875,40,35
